id	level	num	clear_item	clear_item_sum	require_level	require_num	require_rank	require_txt	common_txt
1	easy	1	entry_ticket	1					
2	easy	2	entry_ticket	1	easy	1	2	쉬움 난이도 1스테이지 2성 이상	클리어 시 오픈됩니다.
3	easy	3	entry_ticket	1	easy	2	2	쉬움 난이도 2스테이지 2성 이상	클리어 시 오픈됩니다.
4	easy	4	entry_ticket	1	easy	3	2	쉬움 난이도 3스테이지 2성 이상	클리어 시 오픈됩니다.
5	easy	5	entry_ticket	1	easy	4	2	쉬움 난이도 4스테이지 2성 이상	클리어 시 오픈됩니다.
6	easy	6	entry_ticket	1	easy	5	2	쉬움 난이도 5스테이지 2성 이상	클리어 시 오픈됩니다.
7	easy	7	entry_ticket	1	easy	6	2	쉬움 난이도 6스테이지 2성 이상	클리어 시 오픈됩니다.
8	easy	8	entry_ticket	1	easy	7	2	쉬움 난이도 7스테이지 2성 이상	클리어 시 오픈됩니다.
9	easy	9	entry_ticket	1	easy	8	2	쉬움 난이도 8스테이지 2성 이상	클리어 시 오픈됩니다.
10	easy	10	entry_ticket	1	easy	9	2	쉬움 난이도 9스테이지 2성 이상	클리어 시 오픈됩니다.
11	easy	11	entry_ticket	1	easy	10	2	쉬움 난이도 10스테이지 2성 이상	클리어 시 오픈됩니다.
12	easy	12	entry_ticket	1	easy	11	2	쉬움 난이도 11스테이지 2성 이상	클리어 시 오픈됩니다.
13	easy	13	entry_ticket	1	easy	12	2	쉬움 난이도 12스테이지 2성 이상	클리어 시 오픈됩니다.
14	easy	14	entry_ticket	1	easy	13	2	쉬움 난이도 13스테이지 2성 이상	클리어 시 오픈됩니다.
15	easy	15	entry_ticket	1	easy	14	2	쉬움 난이도 14스테이지 2성 이상	클리어 시 오픈됩니다.
16	easy	16	entry_ticket	1	easy	15	2	쉬움 난이도 15스테이지 2성 이상	클리어 시 오픈됩니다.
17	easy	17	entry_ticket	1	easy	16	2	쉬움 난이도 16스테이지 2성 이상	클리어 시 오픈됩니다.
18	easy	18	entry_ticket	1	easy	17	2	쉬움 난이도 17스테이지 2성 이상	클리어 시 오픈됩니다.
19	easy	19	entry_ticket	1	easy	18	2	쉬움 난이도 18스테이지 2성 이상	클리어 시 오픈됩니다.
20	easy	20	entry_ticket	1	easy	19	2	쉬움 난이도 19스테이지 2성 이상	클리어 시 오픈됩니다.
21	easy	21	entry_ticket	1	easy	20	2	쉬움 난이도 20스테이지 2성 이상	클리어 시 오픈됩니다.
22	easy	22	entry_ticket	1	easy	21	2	쉬움 난이도 21스테이지 2성 이상	클리어 시 오픈됩니다.
23	easy	23	entry_ticket	1	easy	22	2	쉬움 난이도 22스테이지 2성 이상	클리어 시 오픈됩니다.
24	easy	24	entry_ticket	1	easy	23	2	쉬움 난이도 23스테이지 2성 이상	클리어 시 오픈됩니다.
25	easy	25	entry_ticket	1	easy	24	2	쉬움 난이도 24스테이지 2성 이상	클리어 시 오픈됩니다.
26	easy	26	entry_ticket	1	easy	25	2	쉬움 난이도 25스테이지 2성 이상	클리어 시 오픈됩니다.
27	easy	27	entry_ticket	1	easy	26	2	쉬움 난이도 26스테이지 2성 이상	클리어 시 오픈됩니다.
28	easy	28	entry_ticket	1	easy	27	2	쉬움 난이도 27스테이지 2성 이상	클리어 시 오픈됩니다.
29	easy	29	entry_ticket	1	easy	28	2	쉬움 난이도 28스테이지 2성 이상	클리어 시 오픈됩니다.
30	easy	30	entry_ticket	1	easy	29	2	쉬움 난이도 29스테이지 2성 이상	클리어 시 오픈됩니다.
31	easy	31	entry_ticket	1	easy	30	2	쉬움 난이도 30스테이지 2성 이상	클리어 시 오픈됩니다.
32	easy	32	entry_ticket	1	easy	31	2	쉬움 난이도 31스테이지 2성 이상	클리어 시 오픈됩니다.
33	easy	33	entry_ticket	1	easy	32	2	쉬움 난이도 32스테이지 2성 이상	클리어 시 오픈됩니다.
34	easy	34	entry_ticket	1	easy	33	2	쉬움 난이도 33스테이지 2성 이상	클리어 시 오픈됩니다.
35	easy	35	entry_ticket	1	easy	34	2	쉬움 난이도 34스테이지 2성 이상	클리어 시 오픈됩니다.
36	easy	36	entry_ticket	1	easy	35	2	쉬움 난이도 35스테이지 2성 이상	클리어 시 오픈됩니다.
37	easy	37	entry_ticket	1	easy	36	2	쉬움 난이도 36스테이지 2성 이상	클리어 시 오픈됩니다.
38	easy	38	entry_ticket	1	easy	37	2	쉬움 난이도 37스테이지 2성 이상	클리어 시 오픈됩니다.
39	easy	39	entry_ticket	1	easy	38	2	쉬움 난이도 38스테이지 2성 이상	클리어 시 오픈됩니다.
40	easy	40	entry_ticket	1	easy	39	2	쉬움 난이도 39스테이지 2성 이상	클리어 시 오픈됩니다.
41	easy	41	entry_ticket	1	easy	40	2	쉬움 난이도 40스테이지 2성 이상	클리어 시 오픈됩니다.
42	easy	42	entry_ticket	1	easy	41	2	쉬움 난이도 41스테이지 2성 이상	클리어 시 오픈됩니다.
43	easy	43	entry_ticket	1	easy	42	2	쉬움 난이도 42스테이지 2성 이상	클리어 시 오픈됩니다.
44	easy	44	entry_ticket	1	easy	43	2	쉬움 난이도 43스테이지 2성 이상	클리어 시 오픈됩니다.
45	easy	45	entry_ticket	1	easy	44	2	쉬움 난이도 44스테이지 2성 이상	클리어 시 오픈됩니다.
46	easy	46	entry_ticket	1	easy	45	2	쉬움 난이도 45스테이지 2성 이상	클리어 시 오픈됩니다.
47	easy	47	entry_ticket	1	easy	46	2	쉬움 난이도 46스테이지 2성 이상	클리어 시 오픈됩니다.
48	easy	48	entry_ticket	1	easy	47	2	쉬움 난이도 47스테이지 2성 이상	클리어 시 오픈됩니다.
49	easy	49	entry_ticket	1	easy	48	2	쉬움 난이도 48스테이지 2성 이상	클리어 시 오픈됩니다.
50	easy	50	entry_ticket	1	easy	49	2	쉬움 난이도 49스테이지 2성 이상	클리어 시 오픈됩니다.
51	easy	51	entry_ticket	1	easy	50	2	쉬움 난이도 50스테이지 2성 이상	클리어 시 오픈됩니다.
52	easy	52	entry_ticket	1	easy	51	2	쉬움 난이도 51스테이지 2성 이상	클리어 시 오픈됩니다.
53	easy	53	entry_ticket	1	easy	52	2	쉬움 난이도 52스테이지 2성 이상	클리어 시 오픈됩니다.
54	easy	54	entry_ticket	1	easy	53	2	쉬움 난이도 53스테이지 2성 이상	클리어 시 오픈됩니다.
55	easy	55	entry_ticket	1	easy	54	2	쉬움 난이도 54스테이지 2성 이상	클리어 시 오픈됩니다.
56	easy	56	entry_ticket	1	easy	55	2	쉬움 난이도 55스테이지 2성 이상	클리어 시 오픈됩니다.
57	easy	57	entry_ticket	1	easy	56	2	쉬움 난이도 56스테이지 2성 이상	클리어 시 오픈됩니다.
58	easy	58	entry_ticket	1	easy	57	2	쉬움 난이도 57스테이지 2성 이상	클리어 시 오픈됩니다.
59	easy	59	entry_ticket	1	easy	58	2	쉬움 난이도 58스테이지 2성 이상	클리어 시 오픈됩니다.
60	easy	60	entry_ticket	1	easy	59	2	쉬움 난이도 59스테이지 2성 이상	클리어 시 오픈됩니다.
61	easy	61	entry_ticket	1	easy	60	2	쉬움 난이도 60스테이지 2성 이상	클리어 시 오픈됩니다.
62	easy	62	entry_ticket	1	easy	61	2	쉬움 난이도 61스테이지 2성 이상	클리어 시 오픈됩니다.
63	easy	63	entry_ticket	1	easy	62	2	쉬움 난이도 62스테이지 2성 이상	클리어 시 오픈됩니다.
64	easy	64	entry_ticket	1	easy	63	2	쉬움 난이도 63스테이지 2성 이상	클리어 시 오픈됩니다.
65	easy	65	entry_ticket	1	easy	64	2	쉬움 난이도 64스테이지 2성 이상	클리어 시 오픈됩니다.
66	easy	66	entry_ticket	1	easy	65	2	쉬움 난이도 65스테이지 2성 이상	클리어 시 오픈됩니다.
67	easy	67	entry_ticket	1	easy	66	2	쉬움 난이도 66스테이지 2성 이상	클리어 시 오픈됩니다.
68	easy	68	entry_ticket	1	easy	67	2	쉬움 난이도 67스테이지 2성 이상	클리어 시 오픈됩니다.
69	easy	69	entry_ticket	1	easy	68	2	쉬움 난이도 68스테이지 2성 이상	클리어 시 오픈됩니다.
70	easy	70	entry_ticket	1	easy	69	2	쉬움 난이도 69스테이지 2성 이상	클리어 시 오픈됩니다.
71	easy	71	entry_ticket	1	easy	70	2	쉬움 난이도 70스테이지 2성 이상	클리어 시 오픈됩니다.
72	easy	72	entry_ticket	1	easy	71	2	쉬움 난이도 71스테이지 2성 이상	클리어 시 오픈됩니다.
73	easy	73	entry_ticket	1	easy	72	2	쉬움 난이도 72스테이지 2성 이상	클리어 시 오픈됩니다.
74	easy	74	entry_ticket	1	easy	73	2	쉬움 난이도 73스테이지 2성 이상	클리어 시 오픈됩니다.
75	easy	75	entry_ticket	1	easy	74	2	쉬움 난이도 74스테이지 2성 이상	클리어 시 오픈됩니다.
76	easy	76	entry_ticket	1	easy	75	2	쉬움 난이도 75스테이지 2성 이상	클리어 시 오픈됩니다.
77	easy	77	entry_ticket	1	easy	76	2	쉬움 난이도 76스테이지 2성 이상	클리어 시 오픈됩니다.
78	easy	78	entry_ticket	1	easy	77	2	쉬움 난이도 77스테이지 2성 이상	클리어 시 오픈됩니다.
79	easy	79	entry_ticket	1	easy	78	2	쉬움 난이도 78스테이지 2성 이상	클리어 시 오픈됩니다.
80	easy	80	entry_ticket	1	easy	79	2	쉬움 난이도 79스테이지 2성 이상	클리어 시 오픈됩니다.
81	easy	81	entry_ticket	1	easy	80	2	쉬움 난이도 80스테이지 2성 이상	클리어 시 오픈됩니다.
82	easy	82	entry_ticket	1	easy	81	2	쉬움 난이도 81스테이지 2성 이상	클리어 시 오픈됩니다.
83	easy	83	entry_ticket	1	easy	82	2	쉬움 난이도 82스테이지 2성 이상	클리어 시 오픈됩니다.
84	easy	84	entry_ticket	1	easy	83	2	쉬움 난이도 83스테이지 2성 이상	클리어 시 오픈됩니다.
85	easy	85	entry_ticket	1	easy	84	2	쉬움 난이도 84스테이지 2성 이상	클리어 시 오픈됩니다.
86	easy	86	entry_ticket	1	easy	85	2	쉬움 난이도 85스테이지 2성 이상	클리어 시 오픈됩니다.
87	easy	87	entry_ticket	1	easy	86	2	쉬움 난이도 86스테이지 2성 이상	클리어 시 오픈됩니다.
88	easy	88	entry_ticket	1	easy	87	2	쉬움 난이도 87스테이지 2성 이상	클리어 시 오픈됩니다.
89	easy	89	entry_ticket	1	easy	88	2	쉬움 난이도 88스테이지 2성 이상	클리어 시 오픈됩니다.
90	easy	90	entry_ticket	1	easy	89	2	쉬움 난이도 89스테이지 2성 이상	클리어 시 오픈됩니다.
91	easy	91	entry_ticket	1	easy	90	2	쉬움 난이도 90스테이지 2성 이상	클리어 시 오픈됩니다.
92	easy	92	entry_ticket	1	easy	91	2	쉬움 난이도 91스테이지 2성 이상	클리어 시 오픈됩니다.
93	easy	93	entry_ticket	1	easy	92	2	쉬움 난이도 92스테이지 2성 이상	클리어 시 오픈됩니다.
94	easy	94	entry_ticket	1	easy	93	2	쉬움 난이도 93스테이지 2성 이상	클리어 시 오픈됩니다.
95	easy	95	entry_ticket	1	easy	94	2	쉬움 난이도 94스테이지 2성 이상	클리어 시 오픈됩니다.
96	easy	96	entry_ticket	1	easy	95	2	쉬움 난이도 95스테이지 2성 이상	클리어 시 오픈됩니다.
97	easy	97	entry_ticket	1	easy	96	2	쉬움 난이도 96스테이지 2성 이상	클리어 시 오픈됩니다.
98	easy	98	entry_ticket	1	easy	97	2	쉬움 난이도 97스테이지 2성 이상	클리어 시 오픈됩니다.
99	easy	99	entry_ticket	1	easy	98	2	쉬움 난이도 98스테이지 2성 이상	클리어 시 오픈됩니다.
100	easy	100	entry_ticket	1	easy	99	2	쉬움 난이도 99스테이지 2성 이상	클리어 시 오픈됩니다.
101	normal	101	entry_ticket	1	easy	1	2	쉬움 난이도 1스테이지 2성 이상	클리어 시 오픈됩니다.
102	normal	102	entry_ticket	1	easy	2	2	쉬움 난이도 2스테이지 2성 이상	클리어 시 오픈됩니다.
103	normal	103	entry_ticket	1	easy	3	2	쉬움 난이도 3스테이지 2성 이상	클리어 시 오픈됩니다.
104	normal	104	entry_ticket	1	easy	4	2	쉬움 난이도 4스테이지 2성 이상	클리어 시 오픈됩니다.
105	normal	105	entry_ticket	1	easy	5	2	쉬움 난이도 5스테이지 2성 이상	클리어 시 오픈됩니다.
106	normal	106	entry_ticket	1	easy	6	2	쉬움 난이도 6스테이지 2성 이상	클리어 시 오픈됩니다.
107	normal	107	entry_ticket	1	easy	7	2	쉬움 난이도 7스테이지 2성 이상	클리어 시 오픈됩니다.
108	normal	108	entry_ticket	1	easy	8	2	쉬움 난이도 8스테이지 2성 이상	클리어 시 오픈됩니다.
109	normal	109	entry_ticket	1	easy	9	2	쉬움 난이도 9스테이지 2성 이상	클리어 시 오픈됩니다.
110	normal	110	entry_ticket	1	easy	10	2	쉬움 난이도 10스테이지 2성 이상	클리어 시 오픈됩니다.
111	normal	111	entry_ticket	1	easy	11	2	쉬움 난이도 11스테이지 2성 이상	클리어 시 오픈됩니다.
112	normal	112	entry_ticket	1	easy	12	2	쉬움 난이도 12스테이지 2성 이상	클리어 시 오픈됩니다.
113	normal	113	entry_ticket	1	easy	13	2	쉬움 난이도 13스테이지 2성 이상	클리어 시 오픈됩니다.
114	normal	114	entry_ticket	1	easy	14	2	쉬움 난이도 14스테이지 2성 이상	클리어 시 오픈됩니다.
115	normal	115	entry_ticket	1	easy	15	2	쉬움 난이도 15스테이지 2성 이상	클리어 시 오픈됩니다.
116	normal	116	entry_ticket	1	easy	16	2	쉬움 난이도 16스테이지 2성 이상	클리어 시 오픈됩니다.
117	normal	117	entry_ticket	1	easy	17	2	쉬움 난이도 17스테이지 2성 이상	클리어 시 오픈됩니다.
118	normal	118	entry_ticket	1	easy	18	2	쉬움 난이도 18스테이지 2성 이상	클리어 시 오픈됩니다.
119	normal	119	entry_ticket	1	easy	19	2	쉬움 난이도 19스테이지 2성 이상	클리어 시 오픈됩니다.
120	normal	120	entry_ticket	1	easy	20	2	쉬움 난이도 20스테이지 2성 이상	클리어 시 오픈됩니다.
121	normal	121	entry_ticket	1	easy	21	2	쉬움 난이도 21스테이지 2성 이상	클리어 시 오픈됩니다.
122	normal	122	entry_ticket	1	easy	22	2	쉬움 난이도 22스테이지 2성 이상	클리어 시 오픈됩니다.
123	normal	123	entry_ticket	1	easy	23	2	쉬움 난이도 23스테이지 2성 이상	클리어 시 오픈됩니다.
124	normal	124	entry_ticket	1	easy	24	2	쉬움 난이도 24스테이지 2성 이상	클리어 시 오픈됩니다.
125	normal	125	entry_ticket	1	easy	25	2	쉬움 난이도 25스테이지 2성 이상	클리어 시 오픈됩니다.
126	normal	126	entry_ticket	1	easy	26	2	쉬움 난이도 26스테이지 2성 이상	클리어 시 오픈됩니다.
127	normal	127	entry_ticket	1	easy	27	2	쉬움 난이도 27스테이지 2성 이상	클리어 시 오픈됩니다.
128	normal	128	entry_ticket	1	easy	28	2	쉬움 난이도 28스테이지 2성 이상	클리어 시 오픈됩니다.
129	normal	129	entry_ticket	1	easy	29	2	쉬움 난이도 29스테이지 2성 이상	클리어 시 오픈됩니다.
130	normal	130	entry_ticket	1	easy	30	2	쉬움 난이도 30스테이지 2성 이상	클리어 시 오픈됩니다.
131	normal	131	entry_ticket	1	easy	31	2	쉬움 난이도 31스테이지 2성 이상	클리어 시 오픈됩니다.
132	normal	132	entry_ticket	1	easy	32	2	쉬움 난이도 32스테이지 2성 이상	클리어 시 오픈됩니다.
133	normal	133	entry_ticket	1	easy	33	2	쉬움 난이도 33스테이지 2성 이상	클리어 시 오픈됩니다.
134	normal	134	entry_ticket	1	easy	34	2	쉬움 난이도 34스테이지 2성 이상	클리어 시 오픈됩니다.
135	normal	135	entry_ticket	1	easy	35	2	쉬움 난이도 35스테이지 2성 이상	클리어 시 오픈됩니다.
136	normal	136	entry_ticket	1	easy	36	2	쉬움 난이도 36스테이지 2성 이상	클리어 시 오픈됩니다.
137	normal	137	entry_ticket	1	easy	37	2	쉬움 난이도 37스테이지 2성 이상	클리어 시 오픈됩니다.
138	normal	138	entry_ticket	1	easy	38	2	쉬움 난이도 38스테이지 2성 이상	클리어 시 오픈됩니다.
139	normal	139	entry_ticket	1	easy	39	2	쉬움 난이도 39스테이지 2성 이상	클리어 시 오픈됩니다.
140	normal	140	entry_ticket	1	easy	40	2	쉬움 난이도 40스테이지 2성 이상	클리어 시 오픈됩니다.
141	normal	141	entry_ticket	1	easy	41	2	쉬움 난이도 41스테이지 2성 이상	클리어 시 오픈됩니다.
142	normal	142	entry_ticket	1	easy	42	2	쉬움 난이도 42스테이지 2성 이상	클리어 시 오픈됩니다.
143	normal	143	entry_ticket	1	easy	43	2	쉬움 난이도 43스테이지 2성 이상	클리어 시 오픈됩니다.
144	normal	144	entry_ticket	1	easy	44	2	쉬움 난이도 44스테이지 2성 이상	클리어 시 오픈됩니다.
145	normal	145	entry_ticket	1	easy	45	2	쉬움 난이도 45스테이지 2성 이상	클리어 시 오픈됩니다.
146	normal	146	entry_ticket	1	easy	46	2	쉬움 난이도 46스테이지 2성 이상	클리어 시 오픈됩니다.
147	normal	147	entry_ticket	1	easy	47	2	쉬움 난이도 47스테이지 2성 이상	클리어 시 오픈됩니다.
148	normal	148	entry_ticket	1	easy	48	2	쉬움 난이도 48스테이지 2성 이상	클리어 시 오픈됩니다.
149	normal	149	entry_ticket	1	easy	49	2	쉬움 난이도 49스테이지 2성 이상	클리어 시 오픈됩니다.
150	normal	150	entry_ticket	1	easy	50	2	쉬움 난이도 50스테이지 2성 이상	클리어 시 오픈됩니다.
151	normal	151	entry_ticket	1	easy	51	2	쉬움 난이도 51스테이지 2성 이상	클리어 시 오픈됩니다.
152	normal	152	entry_ticket	1	easy	52	2	쉬움 난이도 52스테이지 2성 이상	클리어 시 오픈됩니다.
153	normal	153	entry_ticket	1	easy	53	2	쉬움 난이도 53스테이지 2성 이상	클리어 시 오픈됩니다.
154	normal	154	entry_ticket	1	easy	54	2	쉬움 난이도 54스테이지 2성 이상	클리어 시 오픈됩니다.
155	normal	155	entry_ticket	1	easy	55	2	쉬움 난이도 55스테이지 2성 이상	클리어 시 오픈됩니다.
156	normal	156	entry_ticket	1	easy	56	2	쉬움 난이도 56스테이지 2성 이상	클리어 시 오픈됩니다.
157	normal	157	entry_ticket	1	easy	57	2	쉬움 난이도 57스테이지 2성 이상	클리어 시 오픈됩니다.
158	normal	158	entry_ticket	1	easy	58	2	쉬움 난이도 58스테이지 2성 이상	클리어 시 오픈됩니다.
159	normal	159	entry_ticket	1	easy	59	2	쉬움 난이도 59스테이지 2성 이상	클리어 시 오픈됩니다.
160	normal	160	entry_ticket	1	easy	60	2	쉬움 난이도 60스테이지 2성 이상	클리어 시 오픈됩니다.
161	normal	161	entry_ticket	1	easy	61	2	쉬움 난이도 61스테이지 2성 이상	클리어 시 오픈됩니다.
162	normal	162	entry_ticket	1	easy	62	2	쉬움 난이도 62스테이지 2성 이상	클리어 시 오픈됩니다.
163	normal	163	entry_ticket	1	easy	63	2	쉬움 난이도 63스테이지 2성 이상	클리어 시 오픈됩니다.
164	normal	164	entry_ticket	1	easy	64	2	쉬움 난이도 64스테이지 2성 이상	클리어 시 오픈됩니다.
165	normal	165	entry_ticket	1	easy	65	2	쉬움 난이도 65스테이지 2성 이상	클리어 시 오픈됩니다.
166	normal	166	entry_ticket	1	easy	66	2	쉬움 난이도 66스테이지 2성 이상	클리어 시 오픈됩니다.
167	normal	167	entry_ticket	1	easy	67	2	쉬움 난이도 67스테이지 2성 이상	클리어 시 오픈됩니다.
168	normal	168	entry_ticket	1	easy	68	2	쉬움 난이도 68스테이지 2성 이상	클리어 시 오픈됩니다.
169	normal	169	entry_ticket	1	easy	69	2	쉬움 난이도 69스테이지 2성 이상	클리어 시 오픈됩니다.
170	normal	170	entry_ticket	1	easy	70	2	쉬움 난이도 70스테이지 2성 이상	클리어 시 오픈됩니다.
171	normal	171	entry_ticket	1	easy	71	2	쉬움 난이도 71스테이지 2성 이상	클리어 시 오픈됩니다.
172	normal	172	entry_ticket	1	easy	72	2	쉬움 난이도 72스테이지 2성 이상	클리어 시 오픈됩니다.
173	normal	173	entry_ticket	1	easy	73	2	쉬움 난이도 73스테이지 2성 이상	클리어 시 오픈됩니다.
174	normal	174	entry_ticket	1	easy	74	2	쉬움 난이도 74스테이지 2성 이상	클리어 시 오픈됩니다.
175	normal	175	entry_ticket	1	easy	75	2	쉬움 난이도 75스테이지 2성 이상	클리어 시 오픈됩니다.
176	normal	176	entry_ticket	1	easy	76	2	쉬움 난이도 76스테이지 2성 이상	클리어 시 오픈됩니다.
177	normal	177	entry_ticket	1	easy	77	2	쉬움 난이도 77스테이지 2성 이상	클리어 시 오픈됩니다.
178	normal	178	entry_ticket	1	easy	78	2	쉬움 난이도 78스테이지 2성 이상	클리어 시 오픈됩니다.
179	normal	179	entry_ticket	1	easy	79	2	쉬움 난이도 79스테이지 2성 이상	클리어 시 오픈됩니다.
180	normal	180	entry_ticket	1	easy	80	2	쉬움 난이도 80스테이지 2성 이상	클리어 시 오픈됩니다.
181	normal	181	entry_ticket	1	easy	81	2	쉬움 난이도 81스테이지 2성 이상	클리어 시 오픈됩니다.
182	normal	182	entry_ticket	1	easy	82	2	쉬움 난이도 82스테이지 2성 이상	클리어 시 오픈됩니다.
183	normal	183	entry_ticket	1	easy	83	2	쉬움 난이도 83스테이지 2성 이상	클리어 시 오픈됩니다.
184	normal	184	entry_ticket	1	easy	84	2	쉬움 난이도 84스테이지 2성 이상	클리어 시 오픈됩니다.
185	normal	185	entry_ticket	1	easy	85	2	쉬움 난이도 85스테이지 2성 이상	클리어 시 오픈됩니다.
186	normal	186	entry_ticket	1	easy	86	2	쉬움 난이도 86스테이지 2성 이상	클리어 시 오픈됩니다.
187	normal	187	entry_ticket	1	easy	87	2	쉬움 난이도 87스테이지 2성 이상	클리어 시 오픈됩니다.
188	normal	188	entry_ticket	1	easy	88	2	쉬움 난이도 88스테이지 2성 이상	클리어 시 오픈됩니다.
189	normal	189	entry_ticket	1	easy	89	2	쉬움 난이도 89스테이지 2성 이상	클리어 시 오픈됩니다.
190	normal	190	entry_ticket	1	easy	90	2	쉬움 난이도 90스테이지 2성 이상	클리어 시 오픈됩니다.
191	normal	191	entry_ticket	1	easy	91	2	쉬움 난이도 91스테이지 2성 이상	클리어 시 오픈됩니다.
192	normal	192	entry_ticket	1	easy	92	2	쉬움 난이도 92스테이지 2성 이상	클리어 시 오픈됩니다.
193	normal	193	entry_ticket	1	easy	93	2	쉬움 난이도 93스테이지 2성 이상	클리어 시 오픈됩니다.
194	normal	194	entry_ticket	1	easy	94	2	쉬움 난이도 94스테이지 2성 이상	클리어 시 오픈됩니다.
195	normal	195	entry_ticket	1	easy	95	2	쉬움 난이도 95스테이지 2성 이상	클리어 시 오픈됩니다.
196	normal	196	entry_ticket	1	easy	96	2	쉬움 난이도 96스테이지 2성 이상	클리어 시 오픈됩니다.
197	normal	197	entry_ticket	1	easy	97	2	쉬움 난이도 97스테이지 2성 이상	클리어 시 오픈됩니다.
198	normal	198	entry_ticket	1	easy	98	2	쉬움 난이도 98스테이지 2성 이상	클리어 시 오픈됩니다.
199	normal	199	entry_ticket	1	easy	99	2	쉬움 난이도 99스테이지 2성 이상	클리어 시 오픈됩니다.
200	normal	200	entry_ticket	1	easy	100	2	쉬움 난이도 100스테이지 2성 이상	클리어 시 오픈됩니다.
201	hard	201	entry_ticket	1	normal	101	2	보통 난이도 101스테이지 2성 이상	클리어 시 오픈됩니다.
202	hard	202	entry_ticket	1	normal	102	2	보통 난이도 102스테이지 2성 이상	클리어 시 오픈됩니다.
203	hard	203	entry_ticket	1	normal	103	2	보통 난이도 103스테이지 2성 이상	클리어 시 오픈됩니다.
204	hard	204	entry_ticket	1	normal	104	2	보통 난이도 104스테이지 2성 이상	클리어 시 오픈됩니다.
205	hard	205	entry_ticket	1	normal	105	2	보통 난이도 105스테이지 2성 이상	클리어 시 오픈됩니다.
206	hard	206	entry_ticket	1	normal	106	2	보통 난이도 106스테이지 2성 이상	클리어 시 오픈됩니다.
207	hard	207	entry_ticket	1	normal	107	2	보통 난이도 107스테이지 2성 이상	클리어 시 오픈됩니다.
208	hard	208	entry_ticket	1	normal	108	2	보통 난이도 108스테이지 2성 이상	클리어 시 오픈됩니다.
209	hard	209	entry_ticket	1	normal	109	2	보통 난이도 109스테이지 2성 이상	클리어 시 오픈됩니다.
210	hard	210	entry_ticket	1	normal	110	2	보통 난이도 110스테이지 2성 이상	클리어 시 오픈됩니다.
211	hard	211	entry_ticket	1	normal	111	2	보통 난이도 111스테이지 2성 이상	클리어 시 오픈됩니다.
212	hard	212	entry_ticket	1	normal	112	2	보통 난이도 112스테이지 2성 이상	클리어 시 오픈됩니다.
213	hard	213	entry_ticket	1	normal	113	2	보통 난이도 113스테이지 2성 이상	클리어 시 오픈됩니다.
214	hard	214	entry_ticket	1	normal	114	2	보통 난이도 114스테이지 2성 이상	클리어 시 오픈됩니다.
215	hard	215	entry_ticket	1	normal	115	2	보통 난이도 115스테이지 2성 이상	클리어 시 오픈됩니다.
216	hard	216	entry_ticket	1	normal	116	2	보통 난이도 116스테이지 2성 이상	클리어 시 오픈됩니다.
217	hard	217	entry_ticket	1	normal	117	2	보통 난이도 117스테이지 2성 이상	클리어 시 오픈됩니다.
218	hard	218	entry_ticket	1	normal	118	2	보통 난이도 118스테이지 2성 이상	클리어 시 오픈됩니다.
219	hard	219	entry_ticket	1	normal	119	2	보통 난이도 119스테이지 2성 이상	클리어 시 오픈됩니다.
220	hard	220	entry_ticket	1	normal	120	2	보통 난이도 120스테이지 2성 이상	클리어 시 오픈됩니다.
221	hard	221	entry_ticket	1	normal	121	2	보통 난이도 121스테이지 2성 이상	클리어 시 오픈됩니다.
222	hard	222	entry_ticket	1	normal	122	2	보통 난이도 122스테이지 2성 이상	클리어 시 오픈됩니다.
223	hard	223	entry_ticket	1	normal	123	2	보통 난이도 123스테이지 2성 이상	클리어 시 오픈됩니다.
224	hard	224	entry_ticket	1	normal	124	2	보통 난이도 124스테이지 2성 이상	클리어 시 오픈됩니다.
225	hard	225	entry_ticket	1	normal	125	2	보통 난이도 125스테이지 2성 이상	클리어 시 오픈됩니다.
226	hard	226	entry_ticket	1	normal	126	2	보통 난이도 126스테이지 2성 이상	클리어 시 오픈됩니다.
227	hard	227	entry_ticket	1	normal	127	2	보통 난이도 127스테이지 2성 이상	클리어 시 오픈됩니다.
228	hard	228	entry_ticket	1	normal	128	2	보통 난이도 128스테이지 2성 이상	클리어 시 오픈됩니다.
229	hard	229	entry_ticket	1	normal	129	2	보통 난이도 129스테이지 2성 이상	클리어 시 오픈됩니다.
230	hard	230	entry_ticket	1	normal	130	2	보통 난이도 130스테이지 2성 이상	클리어 시 오픈됩니다.
231	hard	231	entry_ticket	1	normal	131	2	보통 난이도 131스테이지 2성 이상	클리어 시 오픈됩니다.
232	hard	232	entry_ticket	1	normal	132	2	보통 난이도 132스테이지 2성 이상	클리어 시 오픈됩니다.
233	hard	233	entry_ticket	1	normal	133	2	보통 난이도 133스테이지 2성 이상	클리어 시 오픈됩니다.
234	hard	234	entry_ticket	1	normal	134	2	보통 난이도 134스테이지 2성 이상	클리어 시 오픈됩니다.
235	hard	235	entry_ticket	1	normal	135	2	보통 난이도 135스테이지 2성 이상	클리어 시 오픈됩니다.
236	hard	236	entry_ticket	1	normal	136	2	보통 난이도 136스테이지 2성 이상	클리어 시 오픈됩니다.
237	hard	237	entry_ticket	1	normal	137	2	보통 난이도 137스테이지 2성 이상	클리어 시 오픈됩니다.
238	hard	238	entry_ticket	1	normal	138	2	보통 난이도 138스테이지 2성 이상	클리어 시 오픈됩니다.
239	hard	239	entry_ticket	1	normal	139	2	보통 난이도 139스테이지 2성 이상	클리어 시 오픈됩니다.
240	hard	240	entry_ticket	1	normal	140	2	보통 난이도 140스테이지 2성 이상	클리어 시 오픈됩니다.
241	hard	241	entry_ticket	1	normal	141	2	보통 난이도 141스테이지 2성 이상	클리어 시 오픈됩니다.
242	hard	242	entry_ticket	1	normal	142	2	보통 난이도 142스테이지 2성 이상	클리어 시 오픈됩니다.
243	hard	243	entry_ticket	1	normal	143	2	보통 난이도 143스테이지 2성 이상	클리어 시 오픈됩니다.
244	hard	244	entry_ticket	1	normal	144	2	보통 난이도 144스테이지 2성 이상	클리어 시 오픈됩니다.
245	hard	245	entry_ticket	1	normal	145	2	보통 난이도 145스테이지 2성 이상	클리어 시 오픈됩니다.
246	hard	246	entry_ticket	1	normal	146	2	보통 난이도 146스테이지 2성 이상	클리어 시 오픈됩니다.
247	hard	247	entry_ticket	1	normal	147	2	보통 난이도 147스테이지 2성 이상	클리어 시 오픈됩니다.
248	hard	248	entry_ticket	1	normal	148	2	보통 난이도 148스테이지 2성 이상	클리어 시 오픈됩니다.
249	hard	249	entry_ticket	1	normal	149	2	보통 난이도 149스테이지 2성 이상	클리어 시 오픈됩니다.
250	hard	250	entry_ticket	1	normal	150	2	보통 난이도 150스테이지 2성 이상	클리어 시 오픈됩니다.
251	hard	251	entry_ticket	1	normal	151	2	보통 난이도 151스테이지 2성 이상	클리어 시 오픈됩니다.
252	hard	252	entry_ticket	1	normal	152	2	보통 난이도 152스테이지 2성 이상	클리어 시 오픈됩니다.
253	hard	253	entry_ticket	1	normal	153	2	보통 난이도 153스테이지 2성 이상	클리어 시 오픈됩니다.
254	hard	254	entry_ticket	1	normal	154	2	보통 난이도 154스테이지 2성 이상	클리어 시 오픈됩니다.
255	hard	255	entry_ticket	1	normal	155	2	보통 난이도 155스테이지 2성 이상	클리어 시 오픈됩니다.
256	hard	256	entry_ticket	1	normal	156	2	보통 난이도 156스테이지 2성 이상	클리어 시 오픈됩니다.
257	hard	257	entry_ticket	1	normal	157	2	보통 난이도 157스테이지 2성 이상	클리어 시 오픈됩니다.
258	hard	258	entry_ticket	1	normal	158	2	보통 난이도 158스테이지 2성 이상	클리어 시 오픈됩니다.
259	hard	259	entry_ticket	1	normal	159	2	보통 난이도 159스테이지 2성 이상	클리어 시 오픈됩니다.
260	hard	260	entry_ticket	1	normal	160	2	보통 난이도 160스테이지 2성 이상	클리어 시 오픈됩니다.
261	hard	261	entry_ticket	1	normal	161	2	보통 난이도 161스테이지 2성 이상	클리어 시 오픈됩니다.
262	hard	262	entry_ticket	1	normal	162	2	보통 난이도 162스테이지 2성 이상	클리어 시 오픈됩니다.
263	hard	263	entry_ticket	1	normal	163	2	보통 난이도 163스테이지 2성 이상	클리어 시 오픈됩니다.
264	hard	264	entry_ticket	1	normal	164	2	보통 난이도 164스테이지 2성 이상	클리어 시 오픈됩니다.
265	hard	265	entry_ticket	1	normal	165	2	보통 난이도 165스테이지 2성 이상	클리어 시 오픈됩니다.
266	hard	266	entry_ticket	1	normal	166	2	보통 난이도 166스테이지 2성 이상	클리어 시 오픈됩니다.
267	hard	267	entry_ticket	1	normal	167	2	보통 난이도 167스테이지 2성 이상	클리어 시 오픈됩니다.
268	hard	268	entry_ticket	1	normal	168	2	보통 난이도 168스테이지 2성 이상	클리어 시 오픈됩니다.
269	hard	269	entry_ticket	1	normal	169	2	보통 난이도 169스테이지 2성 이상	클리어 시 오픈됩니다.
270	hard	270	entry_ticket	1	normal	170	2	보통 난이도 170스테이지 2성 이상	클리어 시 오픈됩니다.
271	hard	271	entry_ticket	1	normal	171	2	보통 난이도 171스테이지 2성 이상	클리어 시 오픈됩니다.
272	hard	272	entry_ticket	1	normal	172	2	보통 난이도 172스테이지 2성 이상	클리어 시 오픈됩니다.
273	hard	273	entry_ticket	1	normal	173	2	보통 난이도 173스테이지 2성 이상	클리어 시 오픈됩니다.
274	hard	274	entry_ticket	1	normal	174	2	보통 난이도 174스테이지 2성 이상	클리어 시 오픈됩니다.
275	hard	275	entry_ticket	1	normal	175	2	보통 난이도 175스테이지 2성 이상	클리어 시 오픈됩니다.
276	hard	276	entry_ticket	1	normal	176	2	보통 난이도 176스테이지 2성 이상	클리어 시 오픈됩니다.
277	hard	277	entry_ticket	1	normal	177	2	보통 난이도 177스테이지 2성 이상	클리어 시 오픈됩니다.
278	hard	278	entry_ticket	1	normal	178	2	보통 난이도 178스테이지 2성 이상	클리어 시 오픈됩니다.
279	hard	279	entry_ticket	1	normal	179	2	보통 난이도 179스테이지 2성 이상	클리어 시 오픈됩니다.
280	hard	280	entry_ticket	1	normal	180	2	보통 난이도 180스테이지 2성 이상	클리어 시 오픈됩니다.
281	hard	281	entry_ticket	1	normal	181	2	보통 난이도 181스테이지 2성 이상	클리어 시 오픈됩니다.
282	hard	282	entry_ticket	1	normal	182	2	보통 난이도 182스테이지 2성 이상	클리어 시 오픈됩니다.
283	hard	283	entry_ticket	1	normal	183	2	보통 난이도 183스테이지 2성 이상	클리어 시 오픈됩니다.
284	hard	284	entry_ticket	1	normal	184	2	보통 난이도 184스테이지 2성 이상	클리어 시 오픈됩니다.
285	hard	285	entry_ticket	1	normal	185	2	보통 난이도 185스테이지 2성 이상	클리어 시 오픈됩니다.
286	hard	286	entry_ticket	1	normal	186	2	보통 난이도 186스테이지 2성 이상	클리어 시 오픈됩니다.
287	hard	287	entry_ticket	1	normal	187	2	보통 난이도 187스테이지 2성 이상	클리어 시 오픈됩니다.
288	hard	288	entry_ticket	1	normal	188	2	보통 난이도 188스테이지 2성 이상	클리어 시 오픈됩니다.
289	hard	289	entry_ticket	1	normal	189	2	보통 난이도 189스테이지 2성 이상	클리어 시 오픈됩니다.
290	hard	290	entry_ticket	1	normal	190	2	보통 난이도 190스테이지 2성 이상	클리어 시 오픈됩니다.
291	hard	291	entry_ticket	1	normal	191	2	보통 난이도 191스테이지 2성 이상	클리어 시 오픈됩니다.
292	hard	292	entry_ticket	1	normal	192	2	보통 난이도 192스테이지 2성 이상	클리어 시 오픈됩니다.
293	hard	293	entry_ticket	1	normal	193	2	보통 난이도 193스테이지 2성 이상	클리어 시 오픈됩니다.
294	hard	294	entry_ticket	1	normal	194	2	보통 난이도 194스테이지 2성 이상	클리어 시 오픈됩니다.
295	hard	295	entry_ticket	1	normal	195	2	보통 난이도 195스테이지 2성 이상	클리어 시 오픈됩니다.
296	hard	296	entry_ticket	1	normal	196	2	보통 난이도 196스테이지 2성 이상	클리어 시 오픈됩니다.
297	hard	297	entry_ticket	1	normal	197	2	보통 난이도 197스테이지 2성 이상	클리어 시 오픈됩니다.
298	hard	298	entry_ticket	1	normal	198	2	보통 난이도 198스테이지 2성 이상	클리어 시 오픈됩니다.
299	hard	299	entry_ticket	1	normal	199	2	보통 난이도 199스테이지 2성 이상	클리어 시 오픈됩니다.
300	hard	300	entry_ticket	1	normal	200	2	보통 난이도 200스테이지 2성 이상	클리어 시 오픈됩니다.
